[
	{
		"title":"เฮฮางานแต่ง! เมื่อยายวัย 90 ร่วมสนุกลุ้นช่อดอกไม้เจ้าสาว สุดพีคยายได้ดอกไม้", 
		"description":"เฮฮางานแต่ง! เมื่อยายวัย 90 ร่วมสนุกลุ้นช่อดอกไม้เจ้าสาว สุดพีคยายได้ดอกไม้รับชมผ่านยูทูปได้ที่",
		"youtube":"https://www.youtube.com/embed/pAu_OfDAA5U",
		"author":"New York", 
		"created":"2023-08-02"
	},
	{
		"title":"เกือบไป หญิงไหวตัวทันวิ่งจ้ำอ้าว หลังจงอางเลื้อยผ่านเก้าอี้ ก่อนพุ่งตัวฉกที่ครอบเตาแก๊ส", 
		"description":"วานนี้ (10 ก.ย. 66) ผู้ใช้ TikTok @pimstp1586 โพสต์ภาพจากคลิปกล้องวงจรปิดพร้อมข้อความระบุในคลิป", 
		"youtube":"https://www.youtube.com/embed/On3kcxM31c0",
		"author":"Thailand", 
		"created":"2023-09-01"
	}
]
